fold_id,feature_map_name,feature_map_reps,ansatz_reps,entanglement,element test,actual test,predicted test,element train,actual train,predicted train,R2 train
74,Pauli,1,1,linear,['Sc'],[1.],[0.],['Be' 'Ti' 'Co' 'Zn' 'Y' 'Zr' 'Tc' 'Ru' 'Pr' 'Nd' 'Gd' 'Tb' 'Dy' 'Ho' 'Er' 'Tm' 'Lu' 'Re' 'Os' 'Tl'],[0. 0. 0. 0. 1. 0. 0. 0. 1. 1. 1. 1. 1. 1. 1. 1. 1. 0. 0. 0.],[0. 0. 0. 0. 0. 1. 1. 1. 0. 0. 0. 1. 1. 1. 1. 1. 0. 0. 0. 0.],-0.6000000000000001
74,Pauli,1,1,full,['Sc'],[1.],[1.],['Be' 'Ti' 'Co' 'Zn' 'Y' 'Zr' 'Tc' 'Ru' 'Pr' 'Nd' 'Gd' 'Tb' 'Dy' 'Ho' 'Er' 'Tm' 'Lu' 'Re' 'Os' 'Tl'],[0. 0. 0. 0. 1. 0. 0. 0. 1. 1. 1. 1. 1. 1. 1. 1. 1. 0. 0. 0.],[0. 0. 0. 0. 0. 1. 0. 1. 1. 1. 0. 1. 1. 1. 1. 1. 1. 0. 0. 0.],0.19999999999999996
74,Pauli,1,1,circular,['Sc'],[1.],[1.],['Be' 'Ti' 'Co' 'Zn' 'Y' 'Zr' 'Tc' 'Ru' 'Pr' 'Nd' 'Gd' 'Tb' 'Dy' 'Ho' 'Er' 'Tm' 'Lu' 'Re' 'Os' 'Tl'],[0. 0. 0. 0. 1. 0. 0. 0. 1. 1. 1. 1. 1. 1. 1. 1. 1. 0. 0. 0.],[0. 0. 0. 0. 0. 1. 0. 1. 1. 1. 0. 1. 1. 1. 1. 1. 1. 0. 0. 0.],0.19999999999999996
74,Pauli,1,2,linear,['Sc'],[1.],[0.],['Be' 'Ti' 'Co' 'Zn' 'Y' 'Zr' 'Tc' 'Ru' 'Pr' 'Nd' 'Gd' 'Tb' 'Dy' 'Ho' 'Er' 'Tm' 'Lu' 'Re' 'Os' 'Tl'],[0. 0. 0. 0. 1. 0. 0. 0. 1. 1. 1. 1. 1. 1. 1. 1. 1. 0. 0. 0.],[0. 0. 0. 0. 1. 0. 0. 0. 1. 1. 1. 1. 1. 1. 1. 1. 0. 1. 0. 0.],0.6
74,Pauli,1,2,full,['Sc'],[1.],[1.],['Be' 'Ti' 'Co' 'Zn' 'Y' 'Zr' 'Tc' 'Ru' 'Pr' 'Nd' 'Gd' 'Tb' 'Dy' 'Ho' 'Er' 'Tm' 'Lu' 'Re' 'Os' 'Tl'],[0. 0. 0. 0. 1. 0. 0. 0. 1. 1. 1. 1. 1. 1. 1. 1. 1. 0. 0. 0.],[0. 0. 0. 0. 1. 1. 0. 0. 1. 1. 1. 1. 1. 1. 1. 1. 1. 0. 1. 0.],0.6
74,Pauli,1,2,circular,['Sc'],[1.],[1.],['Be' 'Ti' 'Co' 'Zn' 'Y' 'Zr' 'Tc' 'Ru' 'Pr' 'Nd' 'Gd' 'Tb' 'Dy' 'Ho' 'Er' 'Tm' 'Lu' 'Re' 'Os' 'Tl'],[0. 0. 0. 0. 1. 0. 0. 0. 1. 1. 1. 1. 1. 1. 1. 1. 1. 0. 0. 0.],[0. 0. 0. 0. 1. 1. 0. 0. 1. 1. 1. 1. 1. 1. 1. 1. 1. 0. 1. 0.],0.6
74,Pauli,1,3,linear,['Sc'],[1.],[1.],['Be' 'Ti' 'Co' 'Zn' 'Y' 'Zr' 'Tc' 'Ru' 'Pr' 'Nd' 'Gd' 'Tb' 'Dy' 'Ho' 'Er' 'Tm' 'Lu' 'Re' 'Os' 'Tl'],[0. 0. 0. 0. 1. 0. 0. 0. 1. 1. 1. 1. 1. 1. 1. 1. 1. 0. 0. 0.],[0. 1. 0. 0. 1. 0. 0. 0. 1. 1. 1. 1. 1. 1. 1. 1. 1. 0. 0. 0.],0.8
74,Pauli,1,3,full,['Sc'],[1.],[1.],['Be' 'Ti' 'Co' 'Zn' 'Y' 'Zr' 'Tc' 'Ru' 'Pr' 'Nd' 'Gd' 'Tb' 'Dy' 'Ho' 'Er' 'Tm' 'Lu' 'Re' 'Os' 'Tl'],[0. 0. 0. 0. 1. 0. 0. 0. 1. 1. 1. 1. 1. 1. 1. 1. 1. 0. 0. 0.],[0. 0. 0. 0. 1. 1. 0. 0. 1. 1. 1. 1. 1. 1. 1. 1. 1. 0. 0. 0.],0.8
74,Pauli,1,3,circular,['Sc'],[1.],[1.],['Be' 'Ti' 'Co' 'Zn' 'Y' 'Zr' 'Tc' 'Ru' 'Pr' 'Nd' 'Gd' 'Tb' 'Dy' 'Ho' 'Er' 'Tm' 'Lu' 'Re' 'Os' 'Tl'],[0. 0. 0. 0. 1. 0. 0. 0. 1. 1. 1. 1. 1. 1. 1. 1. 1. 0. 0. 0.],[0. 0. 0. 0. 1. 1. 0. 0. 1. 1. 1. 1. 1. 1. 1. 1. 1. 0. 0. 0.],0.8
74,Pauli,1,4,linear,['Sc'],[1.],[0.],['Be' 'Ti' 'Co' 'Zn' 'Y' 'Zr' 'Tc' 'Ru' 'Pr' 'Nd' 'Gd' 'Tb' 'Dy' 'Ho' 'Er' 'Tm' 'Lu' 'Re' 'Os' 'Tl'],[0. 0. 0. 0. 1. 0. 0. 0. 1. 1. 1. 1. 1. 1. 1. 1. 1. 0. 0. 0.],[0. 0. 0. 0. 1. 0. 0. 0. 1. 1. 1. 1. 1. 1. 1. 1. 1. 0. 0. 0.],1.0
74,Pauli,1,4,full,['Sc'],[1.],[1.],['Be' 'Ti' 'Co' 'Zn' 'Y' 'Zr' 'Tc' 'Ru' 'Pr' 'Nd' 'Gd' 'Tb' 'Dy' 'Ho' 'Er' 'Tm' 'Lu' 'Re' 'Os' 'Tl'],[0. 0. 0. 0. 1. 0. 0. 0. 1. 1. 1. 1. 1. 1. 1. 1. 1. 0. 0. 0.],[0. 0. 0. 0. 1. 1. 0. 0. 1. 1. 1. 1. 1. 1. 1. 1. 1. 0. 0. 0.],0.8
74,Pauli,1,4,circular,['Sc'],[1.],[1.],['Be' 'Ti' 'Co' 'Zn' 'Y' 'Zr' 'Tc' 'Ru' 'Pr' 'Nd' 'Gd' 'Tb' 'Dy' 'Ho' 'Er' 'Tm' 'Lu' 'Re' 'Os' 'Tl'],[0. 0. 0. 0. 1. 0. 0. 0. 1. 1. 1. 1. 1. 1. 1. 1. 1. 0. 0. 0.],[0. 0. 0. 0. 1. 1. 0. 0. 1. 1. 1. 1. 1. 1. 1. 1. 1. 0. 0. 0.],0.8
74,Pauli,1,5,linear,['Sc'],[1.],[0.],['Be' 'Ti' 'Co' 'Zn' 'Y' 'Zr' 'Tc' 'Ru' 'Pr' 'Nd' 'Gd' 'Tb' 'Dy' 'Ho' 'Er' 'Tm' 'Lu' 'Re' 'Os' 'Tl'],[0. 0. 0. 0. 1. 0. 0. 0. 1. 1. 1. 1. 1. 1. 1. 1. 1. 0. 0. 0.],[0. 0. 0. 0. 1. 0. 0. 0. 1. 1. 1. 1. 1. 1. 1. 1. 1. 0. 0. 0.],1.0
74,Pauli,1,5,full,['Sc'],[1.],[1.],['Be' 'Ti' 'Co' 'Zn' 'Y' 'Zr' 'Tc' 'Ru' 'Pr' 'Nd' 'Gd' 'Tb' 'Dy' 'Ho' 'Er' 'Tm' 'Lu' 'Re' 'Os' 'Tl'],[0. 0. 0. 0. 1. 0. 0. 0. 1. 1. 1. 1. 1. 1. 1. 1. 1. 0. 0. 0.],[0. 0. 0. 0. 1. 1. 0. 0. 1. 1. 1. 1. 1. 1. 1. 1. 1. 0. 0. 0.],0.8
74,Pauli,1,5,circular,['Sc'],[1.],[1.],['Be' 'Ti' 'Co' 'Zn' 'Y' 'Zr' 'Tc' 'Ru' 'Pr' 'Nd' 'Gd' 'Tb' 'Dy' 'Ho' 'Er' 'Tm' 'Lu' 'Re' 'Os' 'Tl'],[0. 0. 0. 0. 1. 0. 0. 0. 1. 1. 1. 1. 1. 1. 1. 1. 1. 0. 0. 0.],[0. 0. 0. 0. 1. 1. 0. 0. 1. 1. 1. 1. 1. 1. 1. 1. 1. 0. 0. 0.],0.8
74,Pauli,2,1,linear,['Sc'],[1.],[0.],['Be' 'Ti' 'Co' 'Zn' 'Y' 'Zr' 'Tc' 'Ru' 'Pr' 'Nd' 'Gd' 'Tb' 'Dy' 'Ho' 'Er' 'Tm' 'Lu' 'Re' 'Os' 'Tl'],[0. 0. 0. 0. 1. 0. 0. 0. 1. 1. 1. 1. 1. 1. 1. 1. 1. 0. 0. 0.],[0. 0. 0. 0. 1. 1. 0. 1. 1. 1. 1. 1. 1. 1. 1. 1. 1. 1. 1. 0.],0.19999999999999996
74,Pauli,2,1,full,['Sc'],[1.],[0.],['Be' 'Ti' 'Co' 'Zn' 'Y' 'Zr' 'Tc' 'Ru' 'Pr' 'Nd' 'Gd' 'Tb' 'Dy' 'Ho' 'Er' 'Tm' 'Lu' 'Re' 'Os' 'Tl'],[0. 0. 0. 0. 1. 0. 0. 0. 1. 1. 1. 1. 1. 1. 1. 1. 1. 0. 0. 0.],[0. 1. 0. 0. 1. 0. 0. 0. 1. 1. 1. 1. 1. 1. 1. 1. 1. 1. 1. 0.],0.4
74,Pauli,2,1,circular,['Sc'],[1.],[0.],['Be' 'Ti' 'Co' 'Zn' 'Y' 'Zr' 'Tc' 'Ru' 'Pr' 'Nd' 'Gd' 'Tb' 'Dy' 'Ho' 'Er' 'Tm' 'Lu' 'Re' 'Os' 'Tl'],[0. 0. 0. 0. 1. 0. 0. 0. 1. 1. 1. 1. 1. 1. 1. 1. 1. 0. 0. 0.],[0. 1. 0. 0. 1. 0. 0. 0. 1. 1. 1. 1. 1. 1. 1. 1. 1. 1. 1. 0.],0.4
74,Pauli,2,2,linear,['Sc'],[1.],[0.],['Be' 'Ti' 'Co' 'Zn' 'Y' 'Zr' 'Tc' 'Ru' 'Pr' 'Nd' 'Gd' 'Tb' 'Dy' 'Ho' 'Er' 'Tm' 'Lu' 'Re' 'Os' 'Tl'],[0. 0. 0. 0. 1. 0. 0. 0. 1. 1. 1. 1. 1. 1. 1. 1. 1. 0. 0. 0.],[0. 0. 0. 0. 1. 0. 0. 1. 1. 1. 1. 1. 1. 1. 1. 1. 1. 1. 0. 0.],0.6
74,Pauli,2,2,full,['Sc'],[1.],[0.],['Be' 'Ti' 'Co' 'Zn' 'Y' 'Zr' 'Tc' 'Ru' 'Pr' 'Nd' 'Gd' 'Tb' 'Dy' 'Ho' 'Er' 'Tm' 'Lu' 'Re' 'Os' 'Tl'],[0. 0. 0. 0. 1. 0. 0. 0. 1. 1. 1. 1. 1. 1. 1. 1. 1. 0. 0. 0.],[0. 1. 0. 0. 1. 0. 0. 0. 1. 1. 1. 1. 1. 1. 1. 1. 1. 1. 1. 0.],0.4
74,Pauli,2,2,circular,['Sc'],[1.],[0.],['Be' 'Ti' 'Co' 'Zn' 'Y' 'Zr' 'Tc' 'Ru' 'Pr' 'Nd' 'Gd' 'Tb' 'Dy' 'Ho' 'Er' 'Tm' 'Lu' 'Re' 'Os' 'Tl'],[0. 0. 0. 0. 1. 0. 0. 0. 1. 1. 1. 1. 1. 1. 1. 1. 1. 0. 0. 0.],[0. 1. 0. 0. 1. 0. 0. 0. 1. 1. 1. 1. 1. 1. 1. 1. 1. 1. 1. 0.],0.4
74,Pauli,2,3,linear,['Sc'],[1.],[0.],['Be' 'Ti' 'Co' 'Zn' 'Y' 'Zr' 'Tc' 'Ru' 'Pr' 'Nd' 'Gd' 'Tb' 'Dy' 'Ho' 'Er' 'Tm' 'Lu' 'Re' 'Os' 'Tl'],[0. 0. 0. 0. 1. 0. 0. 0. 1. 1. 1. 1. 1. 1. 1. 1. 1. 0. 0. 0.],[0. 0. 0. 0. 1. 0. 0. 1. 1. 1. 1. 1. 1. 1. 1. 1. 1. 1. 0. 0.],0.6
74,Pauli,2,3,full,['Sc'],[1.],[0.],['Be' 'Ti' 'Co' 'Zn' 'Y' 'Zr' 'Tc' 'Ru' 'Pr' 'Nd' 'Gd' 'Tb' 'Dy' 'Ho' 'Er' 'Tm' 'Lu' 'Re' 'Os' 'Tl'],[0. 0. 0. 0. 1. 0. 0. 0. 1. 1. 1. 1. 1. 1. 1. 1. 1. 0. 0. 0.],[0. 0. 0. 0. 1. 0. 0. 0. 1. 1. 1. 1. 1. 1. 1. 1. 1. 0. 1. 0.],0.8
74,Pauli,2,3,circular,['Sc'],[1.],[0.],['Be' 'Ti' 'Co' 'Zn' 'Y' 'Zr' 'Tc' 'Ru' 'Pr' 'Nd' 'Gd' 'Tb' 'Dy' 'Ho' 'Er' 'Tm' 'Lu' 'Re' 'Os' 'Tl'],[0. 0. 0. 0. 1. 0. 0. 0. 1. 1. 1. 1. 1. 1. 1. 1. 1. 0. 0. 0.],[0. 1. 0. 0. 1. 0. 0. 0. 1. 1. 1. 1. 1. 1. 1. 1. 1. 1. 0. 0.],0.6
74,Pauli,2,4,linear,['Sc'],[1.],[0.],['Be' 'Ti' 'Co' 'Zn' 'Y' 'Zr' 'Tc' 'Ru' 'Pr' 'Nd' 'Gd' 'Tb' 'Dy' 'Ho' 'Er' 'Tm' 'Lu' 'Re' 'Os' 'Tl'],[0. 0. 0. 0. 1. 0. 0. 0. 1. 1. 1. 1. 1. 1. 1. 1. 1. 0. 0. 0.],[0. 0. 0. 0. 1. 0. 0. 0. 1. 1. 1. 1. 1. 1. 1. 1. 1. 0. 0. 0.],1.0
74,Pauli,2,4,full,['Sc'],[1.],[0.],['Be' 'Ti' 'Co' 'Zn' 'Y' 'Zr' 'Tc' 'Ru' 'Pr' 'Nd' 'Gd' 'Tb' 'Dy' 'Ho' 'Er' 'Tm' 'Lu' 'Re' 'Os' 'Tl'],[0. 0. 0. 0. 1. 0. 0. 0. 1. 1. 1. 1. 1. 1. 1. 1. 1. 0. 0. 0.],[0. 0. 1. 0. 1. 0. 0. 0. 1. 1. 1. 1. 1. 1. 1. 1. 1. 0. 0. 0.],0.8
74,Pauli,2,4,circular,['Sc'],[1.],[1.],['Be' 'Ti' 'Co' 'Zn' 'Y' 'Zr' 'Tc' 'Ru' 'Pr' 'Nd' 'Gd' 'Tb' 'Dy' 'Ho' 'Er' 'Tm' 'Lu' 'Re' 'Os' 'Tl'],[0. 0. 0. 0. 1. 0. 0. 0. 1. 1. 1. 1. 1. 1. 1. 1. 1. 0. 0. 0.],[0. 0. 0. 0. 1. 0. 0. 0. 1. 1. 1. 1. 1. 1. 1. 1. 1. 0. 0. 0.],1.0
74,Pauli,2,5,linear,['Sc'],[1.],[0.],['Be' 'Ti' 'Co' 'Zn' 'Y' 'Zr' 'Tc' 'Ru' 'Pr' 'Nd' 'Gd' 'Tb' 'Dy' 'Ho' 'Er' 'Tm' 'Lu' 'Re' 'Os' 'Tl'],[0. 0. 0. 0. 1. 0. 0. 0. 1. 1. 1. 1. 1. 1. 1. 1. 1. 0. 0. 0.],[0. 0. 0. 0. 1. 0. 0. 0. 1. 1. 1. 1. 1. 1. 1. 1. 1. 0. 0. 0.],1.0
74,Pauli,2,5,full,['Sc'],[1.],[1.],['Be' 'Ti' 'Co' 'Zn' 'Y' 'Zr' 'Tc' 'Ru' 'Pr' 'Nd' 'Gd' 'Tb' 'Dy' 'Ho' 'Er' 'Tm' 'Lu' 'Re' 'Os' 'Tl'],[0. 0. 0. 0. 1. 0. 0. 0. 1. 1. 1. 1. 1. 1. 1. 1. 1. 0. 0. 0.],[0. 0. 0. 0. 1. 0. 0. 0. 1. 1. 1. 1. 1. 1. 1. 1. 1. 0. 0. 0.],1.0
74,Pauli,2,5,circular,['Sc'],[1.],[0.],['Be' 'Ti' 'Co' 'Zn' 'Y' 'Zr' 'Tc' 'Ru' 'Pr' 'Nd' 'Gd' 'Tb' 'Dy' 'Ho' 'Er' 'Tm' 'Lu' 'Re' 'Os' 'Tl'],[0. 0. 0. 0. 1. 0. 0. 0. 1. 1. 1. 1. 1. 1. 1. 1. 1. 0. 0. 0.],[0. 0. 0. 0. 1. 0. 0. 0. 1. 1. 1. 1. 1. 1. 1. 1. 1. 0. 0. 0.],1.0
74,Pauli,3,1,linear,['Sc'],[1.],[0.],['Be' 'Ti' 'Co' 'Zn' 'Y' 'Zr' 'Tc' 'Ru' 'Pr' 'Nd' 'Gd' 'Tb' 'Dy' 'Ho' 'Er' 'Tm' 'Lu' 'Re' 'Os' 'Tl'],[0. 0. 0. 0. 1. 0. 0. 0. 1. 1. 1. 1. 1. 1. 1. 1. 1. 0. 0. 0.],[1. 0. 1. 0. 1. 0. 0. 0. 1. 1. 1. 1. 1. 1. 1. 1. 1. 1. 1. 0.],0.19999999999999996
74,Pauli,3,1,full,['Sc'],[1.],[1.],['Be' 'Ti' 'Co' 'Zn' 'Y' 'Zr' 'Tc' 'Ru' 'Pr' 'Nd' 'Gd' 'Tb' 'Dy' 'Ho' 'Er' 'Tm' 'Lu' 'Re' 'Os' 'Tl'],[0. 0. 0. 0. 1. 0. 0. 0. 1. 1. 1. 1. 1. 1. 1. 1. 1. 0. 0. 0.],[0. 1. 0. 0. 1. 1. 0. 0. 1. 1. 1. 1. 1. 1. 1. 1. 1. 0. 1. 0.],0.4
74,Pauli,3,1,circular,['Sc'],[1.],[1.],['Be' 'Ti' 'Co' 'Zn' 'Y' 'Zr' 'Tc' 'Ru' 'Pr' 'Nd' 'Gd' 'Tb' 'Dy' 'Ho' 'Er' 'Tm' 'Lu' 'Re' 'Os' 'Tl'],[0. 0. 0. 0. 1. 0. 0. 0. 1. 1. 1. 1. 1. 1. 1. 1. 1. 0. 0. 0.],[0. 1. 0. 0. 1. 1. 0. 0. 1. 1. 1. 1. 1. 1. 1. 1. 1. 0. 1. 0.],0.4
74,Pauli,3,2,linear,['Sc'],[1.],[0.],['Be' 'Ti' 'Co' 'Zn' 'Y' 'Zr' 'Tc' 'Ru' 'Pr' 'Nd' 'Gd' 'Tb' 'Dy' 'Ho' 'Er' 'Tm' 'Lu' 'Re' 'Os' 'Tl'],[0. 0. 0. 0. 1. 0. 0. 0. 1. 1. 1. 1. 1. 1. 1. 1. 1. 0. 0. 0.],[1. 0. 0. 0. 1. 0. 0. 0. 1. 1. 1. 1. 1. 1. 1. 1. 1. 1. 1. 0.],0.4
74,Pauli,3,2,full,['Sc'],[1.],[1.],['Be' 'Ti' 'Co' 'Zn' 'Y' 'Zr' 'Tc' 'Ru' 'Pr' 'Nd' 'Gd' 'Tb' 'Dy' 'Ho' 'Er' 'Tm' 'Lu' 'Re' 'Os' 'Tl'],[0. 0. 0. 0. 1. 0. 0. 0. 1. 1. 1. 1. 1. 1. 1. 1. 1. 0. 0. 0.],[0. 1. 1. 0. 1. 0. 0. 0. 1. 1. 1. 1. 1. 1. 1. 1. 1. 0. 1. 0.],0.4
74,Pauli,3,2,circular,['Sc'],[1.],[1.],['Be' 'Ti' 'Co' 'Zn' 'Y' 'Zr' 'Tc' 'Ru' 'Pr' 'Nd' 'Gd' 'Tb' 'Dy' 'Ho' 'Er' 'Tm' 'Lu' 'Re' 'Os' 'Tl'],[0. 0. 0. 0. 1. 0. 0. 0. 1. 1. 1. 1. 1. 1. 1. 1. 1. 0. 0. 0.],[0. 1. 1. 0. 1. 0. 0. 0. 1. 1. 1. 1. 1. 1. 1. 1. 1. 0. 1. 0.],0.4
74,Pauli,3,3,linear,['Sc'],[1.],[1.],['Be' 'Ti' 'Co' 'Zn' 'Y' 'Zr' 'Tc' 'Ru' 'Pr' 'Nd' 'Gd' 'Tb' 'Dy' 'Ho' 'Er' 'Tm' 'Lu' 'Re' 'Os' 'Tl'],[0. 0. 0. 0. 1. 0. 0. 0. 1. 1. 1. 1. 1. 1. 1. 1. 1. 0. 0. 0.],[0. 0. 0. 0. 1. 0. 0. 0. 1. 1. 1. 1. 1. 1. 1. 1. 1. 1. 0. 0.],0.8
74,Pauli,3,3,full,['Sc'],[1.],[1.],['Be' 'Ti' 'Co' 'Zn' 'Y' 'Zr' 'Tc' 'Ru' 'Pr' 'Nd' 'Gd' 'Tb' 'Dy' 'Ho' 'Er' 'Tm' 'Lu' 'Re' 'Os' 'Tl'],[0. 0. 0. 0. 1. 0. 0. 0. 1. 1. 1. 1. 1. 1. 1. 1. 1. 0. 0. 0.],[1. 0. 0. 0. 1. 0. 0. 0. 1. 1. 1. 1. 1. 1. 1. 1. 1. 0. 0. 0.],0.8
74,Pauli,3,3,circular,['Sc'],[1.],[1.],['Be' 'Ti' 'Co' 'Zn' 'Y' 'Zr' 'Tc' 'Ru' 'Pr' 'Nd' 'Gd' 'Tb' 'Dy' 'Ho' 'Er' 'Tm' 'Lu' 'Re' 'Os' 'Tl'],[0. 0. 0. 0. 1. 0. 0. 0. 1. 1. 1. 1. 1. 1. 1. 1. 1. 0. 0. 0.],[0. 1. 0. 0. 1. 0. 0. 0. 1. 1. 1. 1. 1. 1. 1. 1. 1. 0. 1. 0.],0.6
74,Pauli,3,4,linear,['Sc'],[1.],[1.],['Be' 'Ti' 'Co' 'Zn' 'Y' 'Zr' 'Tc' 'Ru' 'Pr' 'Nd' 'Gd' 'Tb' 'Dy' 'Ho' 'Er' 'Tm' 'Lu' 'Re' 'Os' 'Tl'],[0. 0. 0. 0. 1. 0. 0. 0. 1. 1. 1. 1. 1. 1. 1. 1. 1. 0. 0. 0.],[0. 0. 0. 0. 1. 0. 0. 0. 1. 1. 1. 1. 1. 1. 1. 1. 1. 1. 0. 0.],0.8
74,Pauli,3,4,full,['Sc'],[1.],[1.],['Be' 'Ti' 'Co' 'Zn' 'Y' 'Zr' 'Tc' 'Ru' 'Pr' 'Nd' 'Gd' 'Tb' 'Dy' 'Ho' 'Er' 'Tm' 'Lu' 'Re' 'Os' 'Tl'],[0. 0. 0. 0. 1. 0. 0. 0. 1. 1. 1. 1. 1. 1. 1. 1. 1. 0. 0. 0.],[0. 0. 0. 0. 1. 0. 0. 0. 1. 1. 1. 1. 1. 1. 1. 1. 1. 0. 1. 0.],0.8
74,Pauli,3,4,circular,['Sc'],[1.],[1.],['Be' 'Ti' 'Co' 'Zn' 'Y' 'Zr' 'Tc' 'Ru' 'Pr' 'Nd' 'Gd' 'Tb' 'Dy' 'Ho' 'Er' 'Tm' 'Lu' 'Re' 'Os' 'Tl'],[0. 0. 0. 0. 1. 0. 0. 0. 1. 1. 1. 1. 1. 1. 1. 1. 1. 0. 0. 0.],[0. 0. 0. 0. 1. 0. 0. 0. 1. 1. 1. 1. 1. 1. 1. 1. 1. 0. 1. 0.],0.8
74,Pauli,3,5,linear,['Sc'],[1.],[1.],['Be' 'Ti' 'Co' 'Zn' 'Y' 'Zr' 'Tc' 'Ru' 'Pr' 'Nd' 'Gd' 'Tb' 'Dy' 'Ho' 'Er' 'Tm' 'Lu' 'Re' 'Os' 'Tl'],[0. 0. 0. 0. 1. 0. 0. 0. 1. 1. 1. 1. 1. 1. 1. 1. 1. 0. 0. 0.],[0. 0. 0. 0. 1. 0. 0. 0. 1. 1. 1. 1. 1. 1. 1. 1. 1. 1. 0. 0.],0.8
74,Pauli,3,5,full,['Sc'],[1.],[1.],['Be' 'Ti' 'Co' 'Zn' 'Y' 'Zr' 'Tc' 'Ru' 'Pr' 'Nd' 'Gd' 'Tb' 'Dy' 'Ho' 'Er' 'Tm' 'Lu' 'Re' 'Os' 'Tl'],[0. 0. 0. 0. 1. 0. 0. 0. 1. 1. 1. 1. 1. 1. 1. 1. 1. 0. 0. 0.],[0. 0. 0. 0. 1. 0. 0. 0. 1. 1. 1. 1. 1. 1. 1. 1. 1. 0. 0. 0.],1.0
74,Pauli,3,5,circular,['Sc'],[1.],[1.],['Be' 'Ti' 'Co' 'Zn' 'Y' 'Zr' 'Tc' 'Ru' 'Pr' 'Nd' 'Gd' 'Tb' 'Dy' 'Ho' 'Er' 'Tm' 'Lu' 'Re' 'Os' 'Tl'],[0. 0. 0. 0. 1. 0. 0. 0. 1. 1. 1. 1. 1. 1. 1. 1. 1. 0. 0. 0.],[0. 0. 0. 0. 1. 0. 0. 0. 1. 1. 1. 1. 1. 1. 1. 1. 1. 0. 0. 0.],1.0
74,Pauli,4,1,linear,['Sc'],[1.],[0.],['Be' 'Ti' 'Co' 'Zn' 'Y' 'Zr' 'Tc' 'Ru' 'Pr' 'Nd' 'Gd' 'Tb' 'Dy' 'Ho' 'Er' 'Tm' 'Lu' 'Re' 'Os' 'Tl'],[0. 0. 0. 0. 1. 0. 0. 0. 1. 1. 1. 1. 1. 1. 1. 1. 1. 0. 0. 0.],[0. 0. 0. 0. 0. 1. 0. 0. 1. 0. 0. 1. 1. 1. 1. 1. 1. 0. 0. 0.],0.19999999999999996
74,Pauli,4,1,full,['Sc'],[1.],[1.],['Be' 'Ti' 'Co' 'Zn' 'Y' 'Zr' 'Tc' 'Ru' 'Pr' 'Nd' 'Gd' 'Tb' 'Dy' 'Ho' 'Er' 'Tm' 'Lu' 'Re' 'Os' 'Tl'],[0. 0. 0. 0. 1. 0. 0. 0. 1. 1. 1. 1. 1. 1. 1. 1. 1. 0. 0. 0.],[1. 1. 0. 0. 0. 0. 0. 0. 1. 0. 0. 1. 1. 1. 1. 1. 1. 0. 0. 0.],0.0
74,Pauli,4,1,circular,['Sc'],[1.],[1.],['Be' 'Ti' 'Co' 'Zn' 'Y' 'Zr' 'Tc' 'Ru' 'Pr' 'Nd' 'Gd' 'Tb' 'Dy' 'Ho' 'Er' 'Tm' 'Lu' 'Re' 'Os' 'Tl'],[0. 0. 0. 0. 1. 0. 0. 0. 1. 1. 1. 1. 1. 1. 1. 1. 1. 0. 0. 0.],[0. 1. 0. 0. 0. 0. 1. 0. 0. 0. 0. 1. 1. 1. 1. 1. 1. 0. 0. 0.],-0.19999999999999996
74,Pauli,4,2,linear,['Sc'],[1.],[0.],['Be' 'Ti' 'Co' 'Zn' 'Y' 'Zr' 'Tc' 'Ru' 'Pr' 'Nd' 'Gd' 'Tb' 'Dy' 'Ho' 'Er' 'Tm' 'Lu' 'Re' 'Os' 'Tl'],[0. 0. 0. 0. 1. 0. 0. 0. 1. 1. 1. 1. 1. 1. 1. 1. 1. 0. 0. 0.],[0. 0. 0. 0. 1. 1. 0. 0. 1. 1. 1. 1. 1. 1. 1. 1. 1. 0. 0. 1.],0.6
74,Pauli,4,2,full,['Sc'],[1.],[1.],['Be' 'Ti' 'Co' 'Zn' 'Y' 'Zr' 'Tc' 'Ru' 'Pr' 'Nd' 'Gd' 'Tb' 'Dy' 'Ho' 'Er' 'Tm' 'Lu' 'Re' 'Os' 'Tl'],[0. 0. 0. 0. 1. 0. 0. 0. 1. 1. 1. 1. 1. 1. 1. 1. 1. 0. 0. 0.],[0. 0. 1. 0. 1. 0. 0. 0. 1. 1. 1. 1. 1. 1. 1. 1. 1. 0. 0. 0.],0.8
74,Pauli,4,2,circular,['Sc'],[1.],[1.],['Be' 'Ti' 'Co' 'Zn' 'Y' 'Zr' 'Tc' 'Ru' 'Pr' 'Nd' 'Gd' 'Tb' 'Dy' 'Ho' 'Er' 'Tm' 'Lu' 'Re' 'Os' 'Tl'],[0. 0. 0. 0. 1. 0. 0. 0. 1. 1. 1. 1. 1. 1. 1. 1. 1. 0. 0. 0.],[0. 0. 1. 0. 1. 0. 0. 1. 1. 1. 1. 1. 1. 1. 1. 1. 1. 0. 1. 0.],0.4
74,Pauli,4,3,linear,['Sc'],[1.],[1.],['Be' 'Ti' 'Co' 'Zn' 'Y' 'Zr' 'Tc' 'Ru' 'Pr' 'Nd' 'Gd' 'Tb' 'Dy' 'Ho' 'Er' 'Tm' 'Lu' 'Re' 'Os' 'Tl'],[0. 0. 0. 0. 1. 0. 0. 0. 1. 1. 1. 1. 1. 1. 1. 1. 1. 0. 0. 0.],[0. 0. 1. 0. 1. 0. 0. 0. 1. 1. 1. 1. 1. 1. 1. 1. 1. 0. 0. 0.],0.8
74,Pauli,4,3,full,['Sc'],[1.],[1.],['Be' 'Ti' 'Co' 'Zn' 'Y' 'Zr' 'Tc' 'Ru' 'Pr' 'Nd' 'Gd' 'Tb' 'Dy' 'Ho' 'Er' 'Tm' 'Lu' 'Re' 'Os' 'Tl'],[0. 0. 0. 0. 1. 0. 0. 0. 1. 1. 1. 1. 1. 1. 1. 1. 1. 0. 0. 0.],[0. 0. 0. 0. 1. 1. 0. 0. 1. 1. 1. 1. 1. 1. 1. 1. 1. 0. 0. 0.],0.8
74,Pauli,4,3,circular,['Sc'],[1.],[1.],['Be' 'Ti' 'Co' 'Zn' 'Y' 'Zr' 'Tc' 'Ru' 'Pr' 'Nd' 'Gd' 'Tb' 'Dy' 'Ho' 'Er' 'Tm' 'Lu' 'Re' 'Os' 'Tl'],[0. 0. 0. 0. 1. 0. 0. 0. 1. 1. 1. 1. 1. 1. 1. 1. 1. 0. 0. 0.],[0. 0. 0. 0. 1. 1. 0. 0. 1. 1. 1. 1. 1. 1. 1. 1. 1. 0. 0. 0.],0.8
74,Pauli,4,4,linear,['Sc'],[1.],[1.],['Be' 'Ti' 'Co' 'Zn' 'Y' 'Zr' 'Tc' 'Ru' 'Pr' 'Nd' 'Gd' 'Tb' 'Dy' 'Ho' 'Er' 'Tm' 'Lu' 'Re' 'Os' 'Tl'],[0. 0. 0. 0. 1. 0. 0. 0. 1. 1. 1. 1. 1. 1. 1. 1. 1. 0. 0. 0.],[0. 0. 0. 0. 1. 0. 0. 0. 1. 1. 1. 1. 1. 1. 1. 1. 1. 0. 0. 0.],1.0
74,Pauli,4,4,full,['Sc'],[1.],[1.],['Be' 'Ti' 'Co' 'Zn' 'Y' 'Zr' 'Tc' 'Ru' 'Pr' 'Nd' 'Gd' 'Tb' 'Dy' 'Ho' 'Er' 'Tm' 'Lu' 'Re' 'Os' 'Tl'],[0. 0. 0. 0. 1. 0. 0. 0. 1. 1. 1. 1. 1. 1. 1. 1. 1. 0. 0. 0.],[0. 0. 0. 0. 1. 0. 0. 0. 1. 1. 1. 1. 1. 1. 1. 1. 1. 0. 0. 0.],1.0
74,Pauli,4,4,circular,['Sc'],[1.],[1.],['Be' 'Ti' 'Co' 'Zn' 'Y' 'Zr' 'Tc' 'Ru' 'Pr' 'Nd' 'Gd' 'Tb' 'Dy' 'Ho' 'Er' 'Tm' 'Lu' 'Re' 'Os' 'Tl'],[0. 0. 0. 0. 1. 0. 0. 0. 1. 1. 1. 1. 1. 1. 1. 1. 1. 0. 0. 0.],[0. 0. 0. 0. 1. 0. 0. 0. 1. 1. 1. 1. 1. 1. 1. 1. 1. 0. 0. 0.],1.0
74,Pauli,4,5,linear,['Sc'],[1.],[1.],['Be' 'Ti' 'Co' 'Zn' 'Y' 'Zr' 'Tc' 'Ru' 'Pr' 'Nd' 'Gd' 'Tb' 'Dy' 'Ho' 'Er' 'Tm' 'Lu' 'Re' 'Os' 'Tl'],[0. 0. 0. 0. 1. 0. 0. 0. 1. 1. 1. 1. 1. 1. 1. 1. 1. 0. 0. 0.],[0. 0. 0. 0. 1. 0. 0. 0. 1. 1. 1. 1. 1. 1. 1. 1. 1. 0. 0. 0.],1.0
74,Pauli,4,5,full,['Sc'],[1.],[1.],['Be' 'Ti' 'Co' 'Zn' 'Y' 'Zr' 'Tc' 'Ru' 'Pr' 'Nd' 'Gd' 'Tb' 'Dy' 'Ho' 'Er' 'Tm' 'Lu' 'Re' 'Os' 'Tl'],[0. 0. 0. 0. 1. 0. 0. 0. 1. 1. 1. 1. 1. 1. 1. 1. 1. 0. 0. 0.],[0. 0. 0. 0. 1. 0. 0. 0. 1. 1. 1. 1. 1. 1. 1. 1. 1. 0. 0. 0.],1.0
74,Pauli,4,5,circular,['Sc'],[1.],[1.],['Be' 'Ti' 'Co' 'Zn' 'Y' 'Zr' 'Tc' 'Ru' 'Pr' 'Nd' 'Gd' 'Tb' 'Dy' 'Ho' 'Er' 'Tm' 'Lu' 'Re' 'Os' 'Tl'],[0. 0. 0. 0. 1. 0. 0. 0. 1. 1. 1. 1. 1. 1. 1. 1. 1. 0. 0. 0.],[0. 0. 0. 0. 1. 0. 0. 0. 1. 1. 1. 1. 1. 1. 1. 1. 1. 0. 0. 0.],1.0
74,Pauli,5,1,linear,['Sc'],[1.],[1.],['Be' 'Ti' 'Co' 'Zn' 'Y' 'Zr' 'Tc' 'Ru' 'Pr' 'Nd' 'Gd' 'Tb' 'Dy' 'Ho' 'Er' 'Tm' 'Lu' 'Re' 'Os' 'Tl'],[0. 0. 0. 0. 1. 0. 0. 0. 1. 1. 1. 1. 1. 1. 1. 1. 1. 0. 0. 0.],[1. 0. 0. 1. 1. 0. 1. 0. 1. 0. 1. 1. 1. 1. 1. 1. 1. 1. 0. 0.],0.0
74,Pauli,5,1,full,['Sc'],[1.],[0.],['Be' 'Ti' 'Co' 'Zn' 'Y' 'Zr' 'Tc' 'Ru' 'Pr' 'Nd' 'Gd' 'Tb' 'Dy' 'Ho' 'Er' 'Tm' 'Lu' 'Re' 'Os' 'Tl'],[0. 0. 0. 0. 1. 0. 0. 0. 1. 1. 1. 1. 1. 1. 1. 1. 1. 0. 0. 0.],[1. 1. 0. 0. 1. 0. 0. 0. 1. 1. 1. 1. 1. 1. 1. 1. 1. 1. 1. 0.],0.19999999999999996
74,Pauli,5,1,circular,['Sc'],[1.],[0.],['Be' 'Ti' 'Co' 'Zn' 'Y' 'Zr' 'Tc' 'Ru' 'Pr' 'Nd' 'Gd' 'Tb' 'Dy' 'Ho' 'Er' 'Tm' 'Lu' 'Re' 'Os' 'Tl'],[0. 0. 0. 0. 1. 0. 0. 0. 1. 1. 1. 1. 1. 1. 1. 1. 1. 0. 0. 0.],[1. 1. 0. 0. 1. 0. 0. 0. 1. 1. 1. 1. 1. 1. 1. 1. 1. 1. 1. 0.],0.19999999999999996
74,Pauli,5,2,linear,['Sc'],[1.],[0.],['Be' 'Ti' 'Co' 'Zn' 'Y' 'Zr' 'Tc' 'Ru' 'Pr' 'Nd' 'Gd' 'Tb' 'Dy' 'Ho' 'Er' 'Tm' 'Lu' 'Re' 'Os' 'Tl'],[0. 0. 0. 0. 1. 0. 0. 0. 1. 1. 1. 1. 1. 1. 1. 1. 1. 0. 0. 0.],[0. 0. 0. 1. 1. 0. 1. 0. 1. 1. 1. 1. 1. 1. 1. 1. 1. 0. 0. 0.],0.6
74,Pauli,5,2,full,['Sc'],[1.],[1.],['Be' 'Ti' 'Co' 'Zn' 'Y' 'Zr' 'Tc' 'Ru' 'Pr' 'Nd' 'Gd' 'Tb' 'Dy' 'Ho' 'Er' 'Tm' 'Lu' 'Re' 'Os' 'Tl'],[0. 0. 0. 0. 1. 0. 0. 0. 1. 1. 1. 1. 1. 1. 1. 1. 1. 0. 0. 0.],[0. 1. 0. 0. 1. 0. 0. 0. 1. 1. 1. 1. 1. 1. 1. 1. 1. 0. 0. 0.],0.8
74,Pauli,5,2,circular,['Sc'],[1.],[1.],['Be' 'Ti' 'Co' 'Zn' 'Y' 'Zr' 'Tc' 'Ru' 'Pr' 'Nd' 'Gd' 'Tb' 'Dy' 'Ho' 'Er' 'Tm' 'Lu' 'Re' 'Os' 'Tl'],[0. 0. 0. 0. 1. 0. 0. 0. 1. 1. 1. 1. 1. 1. 1. 1. 1. 0. 0. 0.],[0. 1. 0. 0. 1. 0. 0. 0. 1. 1. 1. 1. 1. 1. 1. 1. 1. 0. 0. 0.],0.8
74,Pauli,5,3,linear,['Sc'],[1.],[0.],['Be' 'Ti' 'Co' 'Zn' 'Y' 'Zr' 'Tc' 'Ru' 'Pr' 'Nd' 'Gd' 'Tb' 'Dy' 'Ho' 'Er' 'Tm' 'Lu' 'Re' 'Os' 'Tl'],[0. 0. 0. 0. 1. 0. 0. 0. 1. 1. 1. 1. 1. 1. 1. 1. 1. 0. 0. 0.],[0. 0. 0. 1. 1. 0. 1. 0. 1. 1. 1. 1. 1. 1. 1. 1. 1. 0. 0. 0.],0.6
74,Pauli,5,3,full,['Sc'],[1.],[0.],['Be' 'Ti' 'Co' 'Zn' 'Y' 'Zr' 'Tc' 'Ru' 'Pr' 'Nd' 'Gd' 'Tb' 'Dy' 'Ho' 'Er' 'Tm' 'Lu' 'Re' 'Os' 'Tl'],[0. 0. 0. 0. 1. 0. 0. 0. 1. 1. 1. 1. 1. 1. 1. 1. 1. 0. 0. 0.],[0. 0. 0. 0. 1. 0. 0. 0. 1. 1. 1. 1. 1. 1. 1. 1. 1. 0. 0. 0.],1.0
74,Pauli,5,3,circular,['Sc'],[1.],[0.],['Be' 'Ti' 'Co' 'Zn' 'Y' 'Zr' 'Tc' 'Ru' 'Pr' 'Nd' 'Gd' 'Tb' 'Dy' 'Ho' 'Er' 'Tm' 'Lu' 'Re' 'Os' 'Tl'],[0. 0. 0. 0. 1. 0. 0. 0. 1. 1. 1. 1. 1. 1. 1. 1. 1. 0. 0. 0.],[0. 0. 0. 0. 1. 0. 0. 0. 1. 1. 1. 1. 1. 1. 1. 1. 1. 0. 0. 0.],1.0
74,Pauli,5,4,linear,['Sc'],[1.],[0.],['Be' 'Ti' 'Co' 'Zn' 'Y' 'Zr' 'Tc' 'Ru' 'Pr' 'Nd' 'Gd' 'Tb' 'Dy' 'Ho' 'Er' 'Tm' 'Lu' 'Re' 'Os' 'Tl'],[0. 0. 0. 0. 1. 0. 0. 0. 1. 1. 1. 1. 1. 1. 1. 1. 1. 0. 0. 0.],[0. 0. 0. 0. 1. 0. 1. 1. 1. 1. 1. 1. 1. 1. 1. 1. 1. 0. 0. 0.],0.6
74,Pauli,5,4,full,['Sc'],[1.],[0.],['Be' 'Ti' 'Co' 'Zn' 'Y' 'Zr' 'Tc' 'Ru' 'Pr' 'Nd' 'Gd' 'Tb' 'Dy' 'Ho' 'Er' 'Tm' 'Lu' 'Re' 'Os' 'Tl'],[0. 0. 0. 0. 1. 0. 0. 0. 1. 1. 1. 1. 1. 1. 1. 1. 1. 0. 0. 0.],[0. 1. 0. 0. 1. 0. 0. 0. 1. 1. 1. 1. 1. 1. 1. 1. 1. 0. 0. 0.],0.8
74,Pauli,5,4,circular,['Sc'],[1.],[0.],['Be' 'Ti' 'Co' 'Zn' 'Y' 'Zr' 'Tc' 'Ru' 'Pr' 'Nd' 'Gd' 'Tb' 'Dy' 'Ho' 'Er' 'Tm' 'Lu' 'Re' 'Os' 'Tl'],[0. 0. 0. 0. 1. 0. 0. 0. 1. 1. 1. 1. 1. 1. 1. 1. 1. 0. 0. 0.],[0. 0. 0. 0. 1. 0. 0. 0. 1. 1. 1. 1. 1. 1. 1. 1. 1. 0. 0. 0.],1.0
74,Pauli,5,5,linear,['Sc'],[1.],[0.],['Be' 'Ti' 'Co' 'Zn' 'Y' 'Zr' 'Tc' 'Ru' 'Pr' 'Nd' 'Gd' 'Tb' 'Dy' 'Ho' 'Er' 'Tm' 'Lu' 'Re' 'Os' 'Tl'],[0. 0. 0. 0. 1. 0. 0. 0. 1. 1. 1. 1. 1. 1. 1. 1. 1. 0. 0. 0.],[0. 0. 0. 1. 1. 0. 0. 1. 1. 1. 1. 1. 1. 1. 1. 1. 1. 0. 0. 0.],0.6
74,Pauli,5,5,full,['Sc'],[1.],[0.],['Be' 'Ti' 'Co' 'Zn' 'Y' 'Zr' 'Tc' 'Ru' 'Pr' 'Nd' 'Gd' 'Tb' 'Dy' 'Ho' 'Er' 'Tm' 'Lu' 'Re' 'Os' 'Tl'],[0. 0. 0. 0. 1. 0. 0. 0. 1. 1. 1. 1. 1. 1. 1. 1. 1. 0. 0. 0.],[0. 0. 0. 0. 1. 0. 0. 0. 1. 1. 1. 1. 1. 1. 1. 1. 1. 0. 0. 0.],1.0
74,Pauli,5,5,circular,['Sc'],[1.],[0.],['Be' 'Ti' 'Co' 'Zn' 'Y' 'Zr' 'Tc' 'Ru' 'Pr' 'Nd' 'Gd' 'Tb' 'Dy' 'Ho' 'Er' 'Tm' 'Lu' 'Re' 'Os' 'Tl'],[0. 0. 0. 0. 1. 0. 0. 0. 1. 1. 1. 1. 1. 1. 1. 1. 1. 0. 0. 0.],[0. 0. 0. 0. 1. 0. 0. 0. 1. 1. 1. 1. 1. 1. 1. 1. 1. 0. 0. 1.],0.8
74,ZZ,1,1,linear,['Sc'],[1.],[0.],['Be' 'Ti' 'Co' 'Zn' 'Y' 'Zr' 'Tc' 'Ru' 'Pr' 'Nd' 'Gd' 'Tb' 'Dy' 'Ho' 'Er' 'Tm' 'Lu' 'Re' 'Os' 'Tl'],[0. 0. 0. 0. 1. 0. 0. 0. 1. 1. 1. 1. 1. 1. 1. 1. 1. 0. 0. 0.],[0. 0. 0. 0. 0. 0. 1. 1. 0. 0. 0. 1. 1. 1. 1. 1. 0. 0. 0. 0.],-0.3999999999999999
74,ZZ,1,1,full,['Sc'],[1.],[1.],['Be' 'Ti' 'Co' 'Zn' 'Y' 'Zr' 'Tc' 'Ru' 'Pr' 'Nd' 'Gd' 'Tb' 'Dy' 'Ho' 'Er' 'Tm' 'Lu' 'Re' 'Os' 'Tl'],[0. 0. 0. 0. 1. 0. 0. 0. 1. 1. 1. 1. 1. 1. 1. 1. 1. 0. 0. 0.],[0. 0. 0. 0. 0. 1. 0. 1. 1. 1. 0. 1. 1. 1. 1. 1. 1. 0. 0. 0.],0.19999999999999996
74,ZZ,1,1,circular,['Sc'],[1.],[1.],['Be' 'Ti' 'Co' 'Zn' 'Y' 'Zr' 'Tc' 'Ru' 'Pr' 'Nd' 'Gd' 'Tb' 'Dy' 'Ho' 'Er' 'Tm' 'Lu' 'Re' 'Os' 'Tl'],[0. 0. 0. 0. 1. 0. 0. 0. 1. 1. 1. 1. 1. 1. 1. 1. 1. 0. 0. 0.],[0. 0. 0. 0. 0. 1. 0. 1. 1. 1. 0. 1. 1. 1. 1. 1. 1. 0. 0. 0.],0.19999999999999996
74,ZZ,1,2,linear,['Sc'],[1.],[0.],['Be' 'Ti' 'Co' 'Zn' 'Y' 'Zr' 'Tc' 'Ru' 'Pr' 'Nd' 'Gd' 'Tb' 'Dy' 'Ho' 'Er' 'Tm' 'Lu' 'Re' 'Os' 'Tl'],[0. 0. 0. 0. 1. 0. 0. 0. 1. 1. 1. 1. 1. 1. 1. 1. 1. 0. 0. 0.],[0. 1. 0. 0. 1. 0. 1. 0. 1. 1. 1. 1. 1. 1. 1. 1. 1. 0. 0. 1.],0.4
74,ZZ,1,2,full,['Sc'],[1.],[1.],['Be' 'Ti' 'Co' 'Zn' 'Y' 'Zr' 'Tc' 'Ru' 'Pr' 'Nd' 'Gd' 'Tb' 'Dy' 'Ho' 'Er' 'Tm' 'Lu' 'Re' 'Os' 'Tl'],[0. 0. 0. 0. 1. 0. 0. 0. 1. 1. 1. 1. 1. 1. 1. 1. 1. 0. 0. 0.],[0. 0. 0. 0. 1. 1. 0. 0. 1. 1. 1. 1. 1. 1. 1. 1. 1. 0. 1. 0.],0.6
74,ZZ,1,2,circular,['Sc'],[1.],[1.],['Be' 'Ti' 'Co' 'Zn' 'Y' 'Zr' 'Tc' 'Ru' 'Pr' 'Nd' 'Gd' 'Tb' 'Dy' 'Ho' 'Er' 'Tm' 'Lu' 'Re' 'Os' 'Tl'],[0. 0. 0. 0. 1. 0. 0. 0. 1. 1. 1. 1. 1. 1. 1. 1. 1. 0. 0. 0.],[0. 0. 0. 0. 1. 1. 0. 0. 1. 1. 1. 1. 1. 1. 1. 1. 1. 0. 1. 0.],0.6
74,ZZ,1,3,linear,['Sc'],[1.],[1.],['Be' 'Ti' 'Co' 'Zn' 'Y' 'Zr' 'Tc' 'Ru' 'Pr' 'Nd' 'Gd' 'Tb' 'Dy' 'Ho' 'Er' 'Tm' 'Lu' 'Re' 'Os' 'Tl'],[0. 0. 0. 0. 1. 0. 0. 0. 1. 1. 1. 1. 1. 1. 1. 1. 1. 0. 0. 0.],[0. 1. 0. 0. 1. 0. 0. 0. 1. 1. 1. 1. 1. 1. 1. 1. 1. 0. 0. 0.],0.8
74,ZZ,1,3,full,['Sc'],[1.],[1.],['Be' 'Ti' 'Co' 'Zn' 'Y' 'Zr' 'Tc' 'Ru' 'Pr' 'Nd' 'Gd' 'Tb' 'Dy' 'Ho' 'Er' 'Tm' 'Lu' 'Re' 'Os' 'Tl'],[0. 0. 0. 0. 1. 0. 0. 0. 1. 1. 1. 1. 1. 1. 1. 1. 1. 0. 0. 0.],[0. 0. 0. 0. 1. 1. 0. 0. 1. 1. 1. 1. 1. 1. 1. 1. 1. 0. 0. 0.],0.8
74,ZZ,1,3,circular,['Sc'],[1.],[1.],['Be' 'Ti' 'Co' 'Zn' 'Y' 'Zr' 'Tc' 'Ru' 'Pr' 'Nd' 'Gd' 'Tb' 'Dy' 'Ho' 'Er' 'Tm' 'Lu' 'Re' 'Os' 'Tl'],[0. 0. 0. 0. 1. 0. 0. 0. 1. 1. 1. 1. 1. 1. 1. 1. 1. 0. 0. 0.],[0. 0. 0. 0. 1. 1. 0. 0. 1. 1. 1. 1. 1. 1. 1. 1. 1. 0. 0. 0.],0.8
74,ZZ,1,4,linear,['Sc'],[1.],[0.],['Be' 'Ti' 'Co' 'Zn' 'Y' 'Zr' 'Tc' 'Ru' 'Pr' 'Nd' 'Gd' 'Tb' 'Dy' 'Ho' 'Er' 'Tm' 'Lu' 'Re' 'Os' 'Tl'],[0. 0. 0. 0. 1. 0. 0. 0. 1. 1. 1. 1. 1. 1. 1. 1. 1. 0. 0. 0.],[0. 0. 0. 0. 1. 0. 0. 0. 1. 1. 1. 1. 1. 1. 1. 1. 1. 0. 0. 0.],1.0
74,ZZ,1,4,full,['Sc'],[1.],[1.],['Be' 'Ti' 'Co' 'Zn' 'Y' 'Zr' 'Tc' 'Ru' 'Pr' 'Nd' 'Gd' 'Tb' 'Dy' 'Ho' 'Er' 'Tm' 'Lu' 'Re' 'Os' 'Tl'],[0. 0. 0. 0. 1. 0. 0. 0. 1. 1. 1. 1. 1. 1. 1. 1. 1. 0. 0. 0.],[0. 0. 0. 0. 1. 1. 0. 0. 1. 1. 1. 1. 1. 1. 1. 1. 1. 0. 0. 0.],0.8
74,ZZ,1,4,circular,['Sc'],[1.],[1.],['Be' 'Ti' 'Co' 'Zn' 'Y' 'Zr' 'Tc' 'Ru' 'Pr' 'Nd' 'Gd' 'Tb' 'Dy' 'Ho' 'Er' 'Tm' 'Lu' 'Re' 'Os' 'Tl'],[0. 0. 0. 0. 1. 0. 0. 0. 1. 1. 1. 1. 1. 1. 1. 1. 1. 0. 0. 0.],[0. 0. 0. 0. 1. 1. 0. 0. 1. 1. 1. 1. 1. 1. 1. 1. 1. 0. 0. 0.],0.8
74,ZZ,1,5,linear,['Sc'],[1.],[0.],['Be' 'Ti' 'Co' 'Zn' 'Y' 'Zr' 'Tc' 'Ru' 'Pr' 'Nd' 'Gd' 'Tb' 'Dy' 'Ho' 'Er' 'Tm' 'Lu' 'Re' 'Os' 'Tl'],[0. 0. 0. 0. 1. 0. 0. 0. 1. 1. 1. 1. 1. 1. 1. 1. 1. 0. 0. 0.],[0. 0. 0. 0. 1. 0. 0. 0. 1. 1. 1. 1. 1. 1. 1. 1. 1. 0. 0. 0.],1.0
74,ZZ,1,5,full,['Sc'],[1.],[1.],['Be' 'Ti' 'Co' 'Zn' 'Y' 'Zr' 'Tc' 'Ru' 'Pr' 'Nd' 'Gd' 'Tb' 'Dy' 'Ho' 'Er' 'Tm' 'Lu' 'Re' 'Os' 'Tl'],[0. 0. 0. 0. 1. 0. 0. 0. 1. 1. 1. 1. 1. 1. 1. 1. 1. 0. 0. 0.],[0. 0. 0. 0. 1. 1. 0. 0. 1. 1. 1. 1. 1. 1. 1. 1. 1. 0. 0. 0.],0.8
74,ZZ,1,5,circular,['Sc'],[1.],[1.],['Be' 'Ti' 'Co' 'Zn' 'Y' 'Zr' 'Tc' 'Ru' 'Pr' 'Nd' 'Gd' 'Tb' 'Dy' 'Ho' 'Er' 'Tm' 'Lu' 'Re' 'Os' 'Tl'],[0. 0. 0. 0. 1. 0. 0. 0. 1. 1. 1. 1. 1. 1. 1. 1. 1. 0. 0. 0.],[0. 0. 0. 0. 1. 1. 0. 0. 1. 1. 1. 1. 1. 1. 1. 1. 1. 0. 0. 0.],0.8
74,ZZ,2,1,linear,['Sc'],[1.],[0.],['Be' 'Ti' 'Co' 'Zn' 'Y' 'Zr' 'Tc' 'Ru' 'Pr' 'Nd' 'Gd' 'Tb' 'Dy' 'Ho' 'Er' 'Tm' 'Lu' 'Re' 'Os' 'Tl'],[0. 0. 0. 0. 1. 0. 0. 0. 1. 1. 1. 1. 1. 1. 1. 1. 1. 0. 0. 0.],[0. 0. 0. 0. 1. 1. 1. 1. 1. 1. 1. 1. 1. 1. 1. 1. 1. 1. 1. 0.],0.0
74,ZZ,2,1,full,['Sc'],[1.],[0.],['Be' 'Ti' 'Co' 'Zn' 'Y' 'Zr' 'Tc' 'Ru' 'Pr' 'Nd' 'Gd' 'Tb' 'Dy' 'Ho' 'Er' 'Tm' 'Lu' 'Re' 'Os' 'Tl'],[0. 0. 0. 0. 1. 0. 0. 0. 1. 1. 1. 1. 1. 1. 1. 1. 1. 0. 0. 0.],[0. 1. 0. 0. 1. 0. 0. 0. 1. 1. 1. 1. 1. 1. 1. 1. 1. 1. 1. 0.],0.4
74,ZZ,2,1,circular,['Sc'],[1.],[0.],['Be' 'Ti' 'Co' 'Zn' 'Y' 'Zr' 'Tc' 'Ru' 'Pr' 'Nd' 'Gd' 'Tb' 'Dy' 'Ho' 'Er' 'Tm' 'Lu' 'Re' 'Os' 'Tl'],[0. 0. 0. 0. 1. 0. 0. 0. 1. 1. 1. 1. 1. 1. 1. 1. 1. 0. 0. 0.],[0. 1. 0. 0. 1. 0. 0. 0. 1. 1. 1. 1. 1. 1. 1. 1. 1. 1. 1. 0.],0.4
74,ZZ,2,2,linear,['Sc'],[1.],[0.],['Be' 'Ti' 'Co' 'Zn' 'Y' 'Zr' 'Tc' 'Ru' 'Pr' 'Nd' 'Gd' 'Tb' 'Dy' 'Ho' 'Er' 'Tm' 'Lu' 'Re' 'Os' 'Tl'],[0. 0. 0. 0. 1. 0. 0. 0. 1. 1. 1. 1. 1. 1. 1. 1. 1. 0. 0. 0.],[0. 0. 0. 0. 1. 0. 0. 1. 1. 1. 1. 1. 1. 1. 1. 1. 1. 1. 0. 0.],0.6
74,ZZ,2,2,full,['Sc'],[1.],[0.],['Be' 'Ti' 'Co' 'Zn' 'Y' 'Zr' 'Tc' 'Ru' 'Pr' 'Nd' 'Gd' 'Tb' 'Dy' 'Ho' 'Er' 'Tm' 'Lu' 'Re' 'Os' 'Tl'],[0. 0. 0. 0. 1. 0. 0. 0. 1. 1. 1. 1. 1. 1. 1. 1. 1. 0. 0. 0.],[0. 1. 0. 0. 1. 0. 0. 0. 1. 1. 1. 1. 1. 1. 1. 1. 1. 1. 1. 0.],0.4
74,ZZ,2,2,circular,['Sc'],[1.],[0.],['Be' 'Ti' 'Co' 'Zn' 'Y' 'Zr' 'Tc' 'Ru' 'Pr' 'Nd' 'Gd' 'Tb' 'Dy' 'Ho' 'Er' 'Tm' 'Lu' 'Re' 'Os' 'Tl'],[0. 0. 0. 0. 1. 0. 0. 0. 1. 1. 1. 1. 1. 1. 1. 1. 1. 0. 0. 0.],[0. 1. 0. 0. 1. 0. 1. 0. 1. 1. 1. 1. 1. 1. 1. 1. 1. 1. 1. 0.],0.19999999999999996
74,ZZ,2,3,linear,['Sc'],[1.],[0.],['Be' 'Ti' 'Co' 'Zn' 'Y' 'Zr' 'Tc' 'Ru' 'Pr' 'Nd' 'Gd' 'Tb' 'Dy' 'Ho' 'Er' 'Tm' 'Lu' 'Re' 'Os' 'Tl'],[0. 0. 0. 0. 1. 0. 0. 0. 1. 1. 1. 1. 1. 1. 1. 1. 1. 0. 0. 0.],[0. 0. 0. 0. 1. 0. 0. 1. 0. 1. 1. 1. 1. 1. 1. 1. 1. 1. 0. 0.],0.4
74,ZZ,2,3,full,['Sc'],[1.],[1.],['Be' 'Ti' 'Co' 'Zn' 'Y' 'Zr' 'Tc' 'Ru' 'Pr' 'Nd' 'Gd' 'Tb' 'Dy' 'Ho' 'Er' 'Tm' 'Lu' 'Re' 'Os' 'Tl'],[0. 0. 0. 0. 1. 0. 0. 0. 1. 1. 1. 1. 1. 1. 1. 1. 1. 0. 0. 0.],[0. 0. 1. 0. 1. 0. 0. 0. 1. 1. 1. 1. 1. 1. 1. 1. 1. 0. 0. 0.],0.8
74,ZZ,2,3,circular,['Sc'],[1.],[0.],['Be' 'Ti' 'Co' 'Zn' 'Y' 'Zr' 'Tc' 'Ru' 'Pr' 'Nd' 'Gd' 'Tb' 'Dy' 'Ho' 'Er' 'Tm' 'Lu' 'Re' 'Os' 'Tl'],[0. 0. 0. 0. 1. 0. 0. 0. 1. 1. 1. 1. 1. 1. 1. 1. 1. 0. 0. 0.],[1. 1. 0. 0. 1. 0. 0. 0. 1. 1. 1. 1. 1. 1. 1. 1. 1. 0. 0. 0.],0.6
74,ZZ,2,4,linear,['Sc'],[1.],[0.],['Be' 'Ti' 'Co' 'Zn' 'Y' 'Zr' 'Tc' 'Ru' 'Pr' 'Nd' 'Gd' 'Tb' 'Dy' 'Ho' 'Er' 'Tm' 'Lu' 'Re' 'Os' 'Tl'],[0. 0. 0. 0. 1. 0. 0. 0. 1. 1. 1. 1. 1. 1. 1. 1. 1. 0. 0. 0.],[0. 0. 0. 0. 1. 0. 0. 1. 1. 1. 1. 1. 1. 1. 1. 1. 1. 1. 1. 0.],0.4
74,ZZ,2,4,full,['Sc'],[1.],[0.],['Be' 'Ti' 'Co' 'Zn' 'Y' 'Zr' 'Tc' 'Ru' 'Pr' 'Nd' 'Gd' 'Tb' 'Dy' 'Ho' 'Er' 'Tm' 'Lu' 'Re' 'Os' 'Tl'],[0. 0. 0. 0. 1. 0. 0. 0. 1. 1. 1. 1. 1. 1. 1. 1. 1. 0. 0. 0.],[0. 1. 0. 0. 1. 0. 0. 0. 1. 1. 1. 1. 1. 1. 1. 1. 1. 0. 0. 0.],0.8
74,ZZ,2,4,circular,['Sc'],[1.],[0.],['Be' 'Ti' 'Co' 'Zn' 'Y' 'Zr' 'Tc' 'Ru' 'Pr' 'Nd' 'Gd' 'Tb' 'Dy' 'Ho' 'Er' 'Tm' 'Lu' 'Re' 'Os' 'Tl'],[0. 0. 0. 0. 1. 0. 0. 0. 1. 1. 1. 1. 1. 1. 1. 1. 1. 0. 0. 0.],[0. 0. 0. 0. 1. 0. 0. 0. 1. 1. 1. 1. 1. 1. 1. 1. 1. 0. 0. 0.],1.0
74,ZZ,2,5,linear,['Sc'],[1.],[0.],['Be' 'Ti' 'Co' 'Zn' 'Y' 'Zr' 'Tc' 'Ru' 'Pr' 'Nd' 'Gd' 'Tb' 'Dy' 'Ho' 'Er' 'Tm' 'Lu' 'Re' 'Os' 'Tl'],[0. 0. 0. 0. 1. 0. 0. 0. 1. 1. 1. 1. 1. 1. 1. 1. 1. 0. 0. 0.],[0. 0. 0. 0. 1. 0. 0. 1. 1. 0. 1. 1. 1. 1. 1. 1. 1. 1. 1. 0.],0.19999999999999996
74,ZZ,2,5,full,['Sc'],[1.],[0.],['Be' 'Ti' 'Co' 'Zn' 'Y' 'Zr' 'Tc' 'Ru' 'Pr' 'Nd' 'Gd' 'Tb' 'Dy' 'Ho' 'Er' 'Tm' 'Lu' 'Re' 'Os' 'Tl'],[0. 0. 0. 0. 1. 0. 0. 0. 1. 1. 1. 1. 1. 1. 1. 1. 1. 0. 0. 0.],[0. 0. 0. 0. 1. 0. 0. 0. 1. 1. 1. 1. 1. 1. 1. 1. 1. 0. 0. 0.],1.0
74,ZZ,2,5,circular,['Sc'],[1.],[0.],['Be' 'Ti' 'Co' 'Zn' 'Y' 'Zr' 'Tc' 'Ru' 'Pr' 'Nd' 'Gd' 'Tb' 'Dy' 'Ho' 'Er' 'Tm' 'Lu' 'Re' 'Os' 'Tl'],[0. 0. 0. 0. 1. 0. 0. 0. 1. 1. 1. 1. 1. 1. 1. 1. 1. 0. 0. 0.],[0. 0. 0. 0. 1. 0. 0. 0. 1. 1. 1. 1. 1. 1. 1. 1. 1. 0. 0. 0.],1.0
74,ZZ,3,1,linear,['Sc'],[1.],[0.],['Be' 'Ti' 'Co' 'Zn' 'Y' 'Zr' 'Tc' 'Ru' 'Pr' 'Nd' 'Gd' 'Tb' 'Dy' 'Ho' 'Er' 'Tm' 'Lu' 'Re' 'Os' 'Tl'],[0. 0. 0. 0. 1. 0. 0. 0. 1. 1. 1. 1. 1. 1. 1. 1. 1. 0. 0. 0.],[1. 0. 0. 0. 1. 0. 0. 0. 1. 1. 1. 1. 1. 1. 1. 1. 1. 1. 1. 0.],0.4
74,ZZ,3,1,full,['Sc'],[1.],[1.],['Be' 'Ti' 'Co' 'Zn' 'Y' 'Zr' 'Tc' 'Ru' 'Pr' 'Nd' 'Gd' 'Tb' 'Dy' 'Ho' 'Er' 'Tm' 'Lu' 'Re' 'Os' 'Tl'],[0. 0. 0. 0. 1. 0. 0. 0. 1. 1. 1. 1. 1. 1. 1. 1. 1. 0. 0. 0.],[0. 1. 0. 0. 1. 1. 0. 0. 1. 1. 1. 1. 1. 1. 1. 1. 1. 0. 1. 0.],0.4
74,ZZ,3,1,circular,['Sc'],[1.],[1.],['Be' 'Ti' 'Co' 'Zn' 'Y' 'Zr' 'Tc' 'Ru' 'Pr' 'Nd' 'Gd' 'Tb' 'Dy' 'Ho' 'Er' 'Tm' 'Lu' 'Re' 'Os' 'Tl'],[0. 0. 0. 0. 1. 0. 0. 0. 1. 1. 1. 1. 1. 1. 1. 1. 1. 0. 0. 0.],[0. 1. 0. 0. 1. 1. 0. 0. 1. 1. 1. 1. 1. 1. 1. 1. 1. 0. 1. 0.],0.4
74,ZZ,3,2,linear,['Sc'],[1.],[0.],['Be' 'Ti' 'Co' 'Zn' 'Y' 'Zr' 'Tc' 'Ru' 'Pr' 'Nd' 'Gd' 'Tb' 'Dy' 'Ho' 'Er' 'Tm' 'Lu' 'Re' 'Os' 'Tl'],[0. 0. 0. 0. 1. 0. 0. 0. 1. 1. 1. 1. 1. 1. 1. 1. 1. 0. 0. 0.],[1. 0. 0. 0. 1. 0. 0. 0. 1. 1. 1. 1. 1. 1. 1. 1. 1. 1. 1. 0.],0.4
74,ZZ,3,2,full,['Sc'],[1.],[1.],['Be' 'Ti' 'Co' 'Zn' 'Y' 'Zr' 'Tc' 'Ru' 'Pr' 'Nd' 'Gd' 'Tb' 'Dy' 'Ho' 'Er' 'Tm' 'Lu' 'Re' 'Os' 'Tl'],[0. 0. 0. 0. 1. 0. 0. 0. 1. 1. 1. 1. 1. 1. 1. 1. 1. 0. 0. 0.],[0. 1. 1. 0. 1. 0. 0. 0. 1. 1. 1. 1. 1. 1. 1. 1. 1. 0. 1. 0.],0.4
74,ZZ,3,2,circular,['Sc'],[1.],[1.],['Be' 'Ti' 'Co' 'Zn' 'Y' 'Zr' 'Tc' 'Ru' 'Pr' 'Nd' 'Gd' 'Tb' 'Dy' 'Ho' 'Er' 'Tm' 'Lu' 'Re' 'Os' 'Tl'],[0. 0. 0. 0. 1. 0. 0. 0. 1. 1. 1. 1. 1. 1. 1. 1. 1. 0. 0. 0.],[0. 1. 1. 0. 1. 0. 0. 0. 1. 1. 1. 1. 1. 1. 1. 1. 1. 0. 1. 0.],0.4
74,ZZ,3,3,linear,['Sc'],[1.],[1.],['Be' 'Ti' 'Co' 'Zn' 'Y' 'Zr' 'Tc' 'Ru' 'Pr' 'Nd' 'Gd' 'Tb' 'Dy' 'Ho' 'Er' 'Tm' 'Lu' 'Re' 'Os' 'Tl'],[0. 0. 0. 0. 1. 0. 0. 0. 1. 1. 1. 1. 1. 1. 1. 1. 1. 0. 0. 0.],[0. 0. 0. 0. 1. 0. 0. 0. 1. 1. 1. 1. 1. 1. 1. 1. 1. 1. 0. 0.],0.8
74,ZZ,3,3,full,['Sc'],[1.],[1.],['Be' 'Ti' 'Co' 'Zn' 'Y' 'Zr' 'Tc' 'Ru' 'Pr' 'Nd' 'Gd' 'Tb' 'Dy' 'Ho' 'Er' 'Tm' 'Lu' 'Re' 'Os' 'Tl'],[0. 0. 0. 0. 1. 0. 0. 0. 1. 1. 1. 1. 1. 1. 1. 1. 1. 0. 0. 0.],[0. 1. 0. 0. 1. 0. 0. 0. 1. 1. 1. 1. 1. 1. 1. 1. 1. 0. 0. 0.],0.8
74,ZZ,3,3,circular,['Sc'],[1.],[1.],['Be' 'Ti' 'Co' 'Zn' 'Y' 'Zr' 'Tc' 'Ru' 'Pr' 'Nd' 'Gd' 'Tb' 'Dy' 'Ho' 'Er' 'Tm' 'Lu' 'Re' 'Os' 'Tl'],[0. 0. 0. 0. 1. 0. 0. 0. 1. 1. 1. 1. 1. 1. 1. 1. 1. 0. 0. 0.],[0. 0. 0. 0. 1. 1. 0. 0. 1. 1. 1. 1. 1. 1. 1. 1. 1. 0. 1. 0.],0.6
74,ZZ,3,4,linear,['Sc'],[1.],[1.],['Be' 'Ti' 'Co' 'Zn' 'Y' 'Zr' 'Tc' 'Ru' 'Pr' 'Nd' 'Gd' 'Tb' 'Dy' 'Ho' 'Er' 'Tm' 'Lu' 'Re' 'Os' 'Tl'],[0. 0. 0. 0. 1. 0. 0. 0. 1. 1. 1. 1. 1. 1. 1. 1. 1. 0. 0. 0.],[0. 0. 0. 0. 1. 1. 0. 0. 1. 1. 1. 1. 1. 1. 1. 1. 1. 1. 0. 0.],0.6
74,ZZ,3,4,full,['Sc'],[1.],[1.],['Be' 'Ti' 'Co' 'Zn' 'Y' 'Zr' 'Tc' 'Ru' 'Pr' 'Nd' 'Gd' 'Tb' 'Dy' 'Ho' 'Er' 'Tm' 'Lu' 'Re' 'Os' 'Tl'],[0. 0. 0. 0. 1. 0. 0. 0. 1. 1. 1. 1. 1. 1. 1. 1. 1. 0. 0. 0.],[0. 0. 0. 0. 1. 0. 0. 0. 1. 1. 1. 1. 1. 1. 1. 1. 1. 0. 1. 0.],0.8
74,ZZ,3,4,circular,['Sc'],[1.],[1.],['Be' 'Ti' 'Co' 'Zn' 'Y' 'Zr' 'Tc' 'Ru' 'Pr' 'Nd' 'Gd' 'Tb' 'Dy' 'Ho' 'Er' 'Tm' 'Lu' 'Re' 'Os' 'Tl'],[0. 0. 0. 0. 1. 0. 0. 0. 1. 1. 1. 1. 1. 1. 1. 1. 1. 0. 0. 0.],[0. 0. 0. 0. 1. 0. 0. 0. 1. 1. 1. 1. 1. 1. 1. 1. 1. 0. 0. 0.],1.0
74,ZZ,3,5,linear,['Sc'],[1.],[1.],['Be' 'Ti' 'Co' 'Zn' 'Y' 'Zr' 'Tc' 'Ru' 'Pr' 'Nd' 'Gd' 'Tb' 'Dy' 'Ho' 'Er' 'Tm' 'Lu' 'Re' 'Os' 'Tl'],[0. 0. 0. 0. 1. 0. 0. 0. 1. 1. 1. 1. 1. 1. 1. 1. 1. 0. 0. 0.],[0. 0. 0. 0. 1. 0. 0. 0. 1. 1. 1. 1. 1. 1. 1. 1. 1. 1. 0. 0.],0.8
74,ZZ,3,5,full,['Sc'],[1.],[1.],['Be' 'Ti' 'Co' 'Zn' 'Y' 'Zr' 'Tc' 'Ru' 'Pr' 'Nd' 'Gd' 'Tb' 'Dy' 'Ho' 'Er' 'Tm' 'Lu' 'Re' 'Os' 'Tl'],[0. 0. 0. 0. 1. 0. 0. 0. 1. 1. 1. 1. 1. 1. 1. 1. 1. 0. 0. 0.],[0. 0. 0. 0. 1. 0. 0. 0. 1. 1. 1. 1. 1. 1. 1. 1. 1. 0. 0. 0.],1.0
74,ZZ,3,5,circular,['Sc'],[1.],[1.],['Be' 'Ti' 'Co' 'Zn' 'Y' 'Zr' 'Tc' 'Ru' 'Pr' 'Nd' 'Gd' 'Tb' 'Dy' 'Ho' 'Er' 'Tm' 'Lu' 'Re' 'Os' 'Tl'],[0. 0. 0. 0. 1. 0. 0. 0. 1. 1. 1. 1. 1. 1. 1. 1. 1. 0. 0. 0.],[0. 0. 0. 0. 1. 0. 0. 0. 1. 1. 1. 1. 1. 1. 1. 1. 1. 0. 0. 0.],1.0
74,ZZ,4,1,linear,['Sc'],[1.],[0.],['Be' 'Ti' 'Co' 'Zn' 'Y' 'Zr' 'Tc' 'Ru' 'Pr' 'Nd' 'Gd' 'Tb' 'Dy' 'Ho' 'Er' 'Tm' 'Lu' 'Re' 'Os' 'Tl'],[0. 0. 0. 0. 1. 0. 0. 0. 1. 1. 1. 1. 1. 1. 1. 1. 1. 0. 0. 0.],[0. 0. 0. 0. 0. 1. 0. 0. 1. 0. 0. 1. 1. 1. 1. 1. 1. 0. 0. 0.],0.19999999999999996
74,ZZ,4,1,full,['Sc'],[1.],[1.],['Be' 'Ti' 'Co' 'Zn' 'Y' 'Zr' 'Tc' 'Ru' 'Pr' 'Nd' 'Gd' 'Tb' 'Dy' 'Ho' 'Er' 'Tm' 'Lu' 'Re' 'Os' 'Tl'],[0. 0. 0. 0. 1. 0. 0. 0. 1. 1. 1. 1. 1. 1. 1. 1. 1. 0. 0. 0.],[0. 1. 0. 0. 0. 1. 0. 0. 0. 0. 0. 1. 1. 1. 1. 1. 1. 0. 0. 0.],-0.19999999999999996
74,ZZ,4,1,circular,['Sc'],[1.],[1.],['Be' 'Ti' 'Co' 'Zn' 'Y' 'Zr' 'Tc' 'Ru' 'Pr' 'Nd' 'Gd' 'Tb' 'Dy' 'Ho' 'Er' 'Tm' 'Lu' 'Re' 'Os' 'Tl'],[0. 0. 0. 0. 1. 0. 0. 0. 1. 1. 1. 1. 1. 1. 1. 1. 1. 0. 0. 0.],[0. 1. 0. 0. 0. 0. 1. 0. 0. 0. 0. 1. 1. 1. 1. 1. 1. 0. 0. 0.],-0.19999999999999996
74,ZZ,4,2,linear,['Sc'],[1.],[0.],['Be' 'Ti' 'Co' 'Zn' 'Y' 'Zr' 'Tc' 'Ru' 'Pr' 'Nd' 'Gd' 'Tb' 'Dy' 'Ho' 'Er' 'Tm' 'Lu' 'Re' 'Os' 'Tl'],[0. 0. 0. 0. 1. 0. 0. 0. 1. 1. 1. 1. 1. 1. 1. 1. 1. 0. 0. 0.],[0. 0. 0. 0. 1. 1. 0. 0. 1. 1. 1. 1. 1. 1. 1. 1. 1. 0. 0. 0.],0.8
74,ZZ,4,2,full,['Sc'],[1.],[1.],['Be' 'Ti' 'Co' 'Zn' 'Y' 'Zr' 'Tc' 'Ru' 'Pr' 'Nd' 'Gd' 'Tb' 'Dy' 'Ho' 'Er' 'Tm' 'Lu' 'Re' 'Os' 'Tl'],[0. 0. 0. 0. 1. 0. 0. 0. 1. 1. 1. 1. 1. 1. 1. 1. 1. 0. 0. 0.],[0. 0. 1. 0. 1. 0. 0. 0. 1. 1. 1. 1. 1. 1. 1. 1. 1. 0. 0. 0.],0.8
74,ZZ,4,2,circular,['Sc'],[1.],[1.],['Be' 'Ti' 'Co' 'Zn' 'Y' 'Zr' 'Tc' 'Ru' 'Pr' 'Nd' 'Gd' 'Tb' 'Dy' 'Ho' 'Er' 'Tm' 'Lu' 'Re' 'Os' 'Tl'],[0. 0. 0. 0. 1. 0. 0. 0. 1. 1. 1. 1. 1. 1. 1. 1. 1. 0. 0. 0.],[0. 0. 1. 0. 1. 0. 0. 0. 1. 1. 1. 1. 1. 1. 1. 1. 1. 0. 0. 0.],0.8
74,ZZ,4,3,linear,['Sc'],[1.],[0.],['Be' 'Ti' 'Co' 'Zn' 'Y' 'Zr' 'Tc' 'Ru' 'Pr' 'Nd' 'Gd' 'Tb' 'Dy' 'Ho' 'Er' 'Tm' 'Lu' 'Re' 'Os' 'Tl'],[0. 0. 0. 0. 1. 0. 0. 0. 1. 1. 1. 1. 1. 1. 1. 1. 1. 0. 0. 0.],[0. 0. 0. 0. 1. 0. 0. 0. 1. 1. 1. 1. 1. 1. 1. 1. 1. 0. 0. 0.],1.0
74,ZZ,4,3,full,['Sc'],[1.],[1.],['Be' 'Ti' 'Co' 'Zn' 'Y' 'Zr' 'Tc' 'Ru' 'Pr' 'Nd' 'Gd' 'Tb' 'Dy' 'Ho' 'Er' 'Tm' 'Lu' 'Re' 'Os' 'Tl'],[0. 0. 0. 0. 1. 0. 0. 0. 1. 1. 1. 1. 1. 1. 1. 1. 1. 0. 0. 0.],[0. 0. 1. 0. 1. 1. 0. 1. 1. 1. 1. 1. 1. 1. 1. 1. 1. 0. 0. 0.],0.4
74,ZZ,4,3,circular,['Sc'],[1.],[1.],['Be' 'Ti' 'Co' 'Zn' 'Y' 'Zr' 'Tc' 'Ru' 'Pr' 'Nd' 'Gd' 'Tb' 'Dy' 'Ho' 'Er' 'Tm' 'Lu' 'Re' 'Os' 'Tl'],[0. 0. 0. 0. 1. 0. 0. 0. 1. 1. 1. 1. 1. 1. 1. 1. 1. 0. 0. 0.],[0. 0. 0. 0. 1. 1. 0. 0. 1. 1. 1. 1. 1. 1. 1. 1. 1. 0. 0. 0.],0.8
74,ZZ,4,4,linear,['Sc'],[1.],[1.],['Be' 'Ti' 'Co' 'Zn' 'Y' 'Zr' 'Tc' 'Ru' 'Pr' 'Nd' 'Gd' 'Tb' 'Dy' 'Ho' 'Er' 'Tm' 'Lu' 'Re' 'Os' 'Tl'],[0. 0. 0. 0. 1. 0. 0. 0. 1. 1. 1. 1. 1. 1. 1. 1. 1. 0. 0. 0.],[0. 0. 0. 0. 1. 0. 0. 0. 1. 1. 1. 1. 1. 1. 1. 1. 1. 0. 0. 0.],1.0
74,ZZ,4,4,full,['Sc'],[1.],[1.],['Be' 'Ti' 'Co' 'Zn' 'Y' 'Zr' 'Tc' 'Ru' 'Pr' 'Nd' 'Gd' 'Tb' 'Dy' 'Ho' 'Er' 'Tm' 'Lu' 'Re' 'Os' 'Tl'],[0. 0. 0. 0. 1. 0. 0. 0. 1. 1. 1. 1. 1. 1. 1. 1. 1. 0. 0. 0.],[0. 0. 0. 0. 1. 0. 0. 0. 1. 1. 1. 1. 1. 1. 1. 1. 1. 0. 0. 0.],1.0
74,ZZ,4,4,circular,['Sc'],[1.],[1.],['Be' 'Ti' 'Co' 'Zn' 'Y' 'Zr' 'Tc' 'Ru' 'Pr' 'Nd' 'Gd' 'Tb' 'Dy' 'Ho' 'Er' 'Tm' 'Lu' 'Re' 'Os' 'Tl'],[0. 0. 0. 0. 1. 0. 0. 0. 1. 1. 1. 1. 1. 1. 1. 1. 1. 0. 0. 0.],[0. 0. 1. 0. 1. 1. 0. 0. 1. 1. 1. 1. 1. 1. 1. 1. 1. 0. 0. 0.],0.6
74,ZZ,4,5,linear,['Sc'],[1.],[1.],['Be' 'Ti' 'Co' 'Zn' 'Y' 'Zr' 'Tc' 'Ru' 'Pr' 'Nd' 'Gd' 'Tb' 'Dy' 'Ho' 'Er' 'Tm' 'Lu' 'Re' 'Os' 'Tl'],[0. 0. 0. 0. 1. 0. 0. 0. 1. 1. 1. 1. 1. 1. 1. 1. 1. 0. 0. 0.],[0. 0. 0. 0. 1. 0. 0. 0. 1. 1. 1. 1. 1. 1. 1. 1. 1. 0. 0. 0.],1.0
74,ZZ,4,5,full,['Sc'],[1.],[1.],['Be' 'Ti' 'Co' 'Zn' 'Y' 'Zr' 'Tc' 'Ru' 'Pr' 'Nd' 'Gd' 'Tb' 'Dy' 'Ho' 'Er' 'Tm' 'Lu' 'Re' 'Os' 'Tl'],[0. 0. 0. 0. 1. 0. 0. 0. 1. 1. 1. 1. 1. 1. 1. 1. 1. 0. 0. 0.],[0. 0. 0. 0. 1. 0. 0. 0. 1. 1. 1. 1. 1. 1. 1. 1. 1. 0. 0. 0.],1.0
74,ZZ,4,5,circular,['Sc'],[1.],[1.],['Be' 'Ti' 'Co' 'Zn' 'Y' 'Zr' 'Tc' 'Ru' 'Pr' 'Nd' 'Gd' 'Tb' 'Dy' 'Ho' 'Er' 'Tm' 'Lu' 'Re' 'Os' 'Tl'],[0. 0. 0. 0. 1. 0. 0. 0. 1. 1. 1. 1. 1. 1. 1. 1. 1. 0. 0. 0.],[0. 0. 0. 0. 1. 0. 0. 0. 1. 1. 1. 1. 1. 1. 1. 1. 1. 0. 0. 0.],1.0
74,ZZ,5,1,linear,['Sc'],[1.],[1.],['Be' 'Ti' 'Co' 'Zn' 'Y' 'Zr' 'Tc' 'Ru' 'Pr' 'Nd' 'Gd' 'Tb' 'Dy' 'Ho' 'Er' 'Tm' 'Lu' 'Re' 'Os' 'Tl'],[0. 0. 0. 0. 1. 0. 0. 0. 1. 1. 1. 1. 1. 1. 1. 1. 1. 0. 0. 0.],[1. 0. 0. 1. 1. 0. 1. 0. 1. 0. 1. 1. 1. 1. 1. 1. 1. 1. 0. 0.],0.0
74,ZZ,5,1,full,['Sc'],[1.],[0.],['Be' 'Ti' 'Co' 'Zn' 'Y' 'Zr' 'Tc' 'Ru' 'Pr' 'Nd' 'Gd' 'Tb' 'Dy' 'Ho' 'Er' 'Tm' 'Lu' 'Re' 'Os' 'Tl'],[0. 0. 0. 0. 1. 0. 0. 0. 1. 1. 1. 1. 1. 1. 1. 1. 1. 0. 0. 0.],[1. 1. 0. 0. 1. 0. 0. 0. 1. 1. 1. 1. 1. 1. 1. 1. 1. 1. 1. 0.],0.19999999999999996
74,ZZ,5,1,circular,['Sc'],[1.],[0.],['Be' 'Ti' 'Co' 'Zn' 'Y' 'Zr' 'Tc' 'Ru' 'Pr' 'Nd' 'Gd' 'Tb' 'Dy' 'Ho' 'Er' 'Tm' 'Lu' 'Re' 'Os' 'Tl'],[0. 0. 0. 0. 1. 0. 0. 0. 1. 1. 1. 1. 1. 1. 1. 1. 1. 0. 0. 0.],[1. 1. 0. 0. 1. 0. 0. 0. 1. 1. 1. 1. 1. 1. 1. 1. 1. 1. 1. 0.],0.19999999999999996
74,ZZ,5,2,linear,['Sc'],[1.],[0.],['Be' 'Ti' 'Co' 'Zn' 'Y' 'Zr' 'Tc' 'Ru' 'Pr' 'Nd' 'Gd' 'Tb' 'Dy' 'Ho' 'Er' 'Tm' 'Lu' 'Re' 'Os' 'Tl'],[0. 0. 0. 0. 1. 0. 0. 0. 1. 1. 1. 1. 1. 1. 1. 1. 1. 0. 0. 0.],[0. 0. 0. 1. 1. 0. 0. 1. 0. 1. 1. 1. 1. 1. 1. 1. 1. 1. 0. 1.],0.0
74,ZZ,5,2,full,['Sc'],[1.],[1.],['Be' 'Ti' 'Co' 'Zn' 'Y' 'Zr' 'Tc' 'Ru' 'Pr' 'Nd' 'Gd' 'Tb' 'Dy' 'Ho' 'Er' 'Tm' 'Lu' 'Re' 'Os' 'Tl'],[0. 0. 0. 0. 1. 0. 0. 0. 1. 1. 1. 1. 1. 1. 1. 1. 1. 0. 0. 0.],[0. 1. 0. 0. 1. 0. 0. 0. 1. 1. 1. 1. 1. 1. 1. 1. 1. 0. 0. 0.],0.8
74,ZZ,5,2,circular,['Sc'],[1.],[1.],['Be' 'Ti' 'Co' 'Zn' 'Y' 'Zr' 'Tc' 'Ru' 'Pr' 'Nd' 'Gd' 'Tb' 'Dy' 'Ho' 'Er' 'Tm' 'Lu' 'Re' 'Os' 'Tl'],[0. 0. 0. 0. 1. 0. 0. 0. 1. 1. 1. 1. 1. 1. 1. 1. 1. 0. 0. 0.],[0. 1. 0. 0. 1. 0. 0. 0. 1. 1. 1. 1. 1. 1. 1. 1. 1. 0. 0. 0.],0.8
74,ZZ,5,3,linear,['Sc'],[1.],[0.],['Be' 'Ti' 'Co' 'Zn' 'Y' 'Zr' 'Tc' 'Ru' 'Pr' 'Nd' 'Gd' 'Tb' 'Dy' 'Ho' 'Er' 'Tm' 'Lu' 'Re' 'Os' 'Tl'],[0. 0. 0. 0. 1. 0. 0. 0. 1. 1. 1. 1. 1. 1. 1. 1. 1. 0. 0. 0.],[0. 0. 0. 1. 1. 0. 1. 1. 1. 1. 1. 1. 1. 1. 1. 1. 1. 0. 0. 0.],0.4
74,ZZ,5,3,full,['Sc'],[1.],[0.],['Be' 'Ti' 'Co' 'Zn' 'Y' 'Zr' 'Tc' 'Ru' 'Pr' 'Nd' 'Gd' 'Tb' 'Dy' 'Ho' 'Er' 'Tm' 'Lu' 'Re' 'Os' 'Tl'],[0. 0. 0. 0. 1. 0. 0. 0. 1. 1. 1. 1. 1. 1. 1. 1. 1. 0. 0. 0.],[0. 0. 0. 0. 1. 0. 0. 0. 1. 1. 1. 1. 1. 1. 1. 1. 1. 0. 0. 0.],1.0
74,ZZ,5,3,circular,['Sc'],[1.],[1.],['Be' 'Ti' 'Co' 'Zn' 'Y' 'Zr' 'Tc' 'Ru' 'Pr' 'Nd' 'Gd' 'Tb' 'Dy' 'Ho' 'Er' 'Tm' 'Lu' 'Re' 'Os' 'Tl'],[0. 0. 0. 0. 1. 0. 0. 0. 1. 1. 1. 1. 1. 1. 1. 1. 1. 0. 0. 0.],[0. 1. 0. 0. 1. 0. 0. 0. 1. 1. 1. 1. 1. 1. 1. 1. 1. 0. 0. 0.],0.8
74,ZZ,5,4,linear,['Sc'],[1.],[0.],['Be' 'Ti' 'Co' 'Zn' 'Y' 'Zr' 'Tc' 'Ru' 'Pr' 'Nd' 'Gd' 'Tb' 'Dy' 'Ho' 'Er' 'Tm' 'Lu' 'Re' 'Os' 'Tl'],[0. 0. 0. 0. 1. 0. 0. 0. 1. 1. 1. 1. 1. 1. 1. 1. 1. 0. 0. 0.],[0. 0. 0. 1. 1. 0. 1. 1. 1. 1. 1. 1. 1. 1. 1. 1. 1. 0. 0. 0.],0.4
74,ZZ,5,4,full,['Sc'],[1.],[0.],['Be' 'Ti' 'Co' 'Zn' 'Y' 'Zr' 'Tc' 'Ru' 'Pr' 'Nd' 'Gd' 'Tb' 'Dy' 'Ho' 'Er' 'Tm' 'Lu' 'Re' 'Os' 'Tl'],[0. 0. 0. 0. 1. 0. 0. 0. 1. 1. 1. 1. 1. 1. 1. 1. 1. 0. 0. 0.],[0. 0. 0. 0. 1. 0. 0. 0. 1. 1. 1. 1. 1. 1. 1. 1. 1. 0. 0. 0.],1.0
74,ZZ,5,4,circular,['Sc'],[1.],[0.],['Be' 'Ti' 'Co' 'Zn' 'Y' 'Zr' 'Tc' 'Ru' 'Pr' 'Nd' 'Gd' 'Tb' 'Dy' 'Ho' 'Er' 'Tm' 'Lu' 'Re' 'Os' 'Tl'],[0. 0. 0. 0. 1. 0. 0. 0. 1. 1. 1. 1. 1. 1. 1. 1. 1. 0. 0. 0.],[0. 0. 0. 0. 1. 0. 0. 0. 1. 1. 1. 1. 1. 1. 1. 1. 1. 0. 0. 0.],1.0
74,ZZ,5,5,linear,['Sc'],[1.],[0.],['Be' 'Ti' 'Co' 'Zn' 'Y' 'Zr' 'Tc' 'Ru' 'Pr' 'Nd' 'Gd' 'Tb' 'Dy' 'Ho' 'Er' 'Tm' 'Lu' 'Re' 'Os' 'Tl'],[0. 0. 0. 0. 1. 0. 0. 0. 1. 1. 1. 1. 1. 1. 1. 1. 1. 0. 0. 0.],[0. 0. 0. 1. 1. 0. 0. 1. 1. 1. 1. 1. 1. 1. 1. 1. 1. 0. 0. 0.],0.6
74,ZZ,5,5,full,['Sc'],[1.],[0.],['Be' 'Ti' 'Co' 'Zn' 'Y' 'Zr' 'Tc' 'Ru' 'Pr' 'Nd' 'Gd' 'Tb' 'Dy' 'Ho' 'Er' 'Tm' 'Lu' 'Re' 'Os' 'Tl'],[0. 0. 0. 0. 1. 0. 0. 0. 1. 1. 1. 1. 1. 1. 1. 1. 1. 0. 0. 0.],[0. 0. 0. 0. 1. 0. 0. 0. 1. 1. 1. 1. 1. 1. 1. 1. 1. 0. 0. 1.],0.8
74,ZZ,5,5,circular,['Sc'],[1.],[0.],['Be' 'Ti' 'Co' 'Zn' 'Y' 'Zr' 'Tc' 'Ru' 'Pr' 'Nd' 'Gd' 'Tb' 'Dy' 'Ho' 'Er' 'Tm' 'Lu' 'Re' 'Os' 'Tl'],[0. 0. 0. 0. 1. 0. 0. 0. 1. 1. 1. 1. 1. 1. 1. 1. 1. 0. 0. 0.],[0. 0. 0. 0. 1. 0. 0. 0. 1. 1. 1. 1. 1. 1. 1. 1. 1. 0. 0. 1.],0.8
